id,first_name,last_name,email,gender,ip_address
1,Ahmed,Leasor,aleasor0@cloudflare.com,Male,232.15.151.0
2,Bridgette,Jakubowicz,bjakubowicz1@house.gov,Female,213.1.112.172
3,Winni,Petrolli,wpetrolli2@mayoclinic.com,Female,126.100.43.173
4,Christopher,Olive,colive3@upenn.edu,Male,163.83.37.40
5,Nickie,Padgham,npadgham4@ning.com,Female,9.225.239.169
6,Damara,Rockell,drockell5@php.net,Female,7.186.128.19
7,Langston,Timmons,ltimmons6@youku.com,Male,123.136.108.170
8,Arnold,Sharpous,asharpous7@europa.eu,Male,129.207.138.206
9,Westbrook,Slane,wslane8@phpbb.com,Male,16.40.50.146
10,Amberly,Galway,agalway9@skype.com,Female,105.25.219.85
11,Jonis,Fauguel,jfauguela@ft.com,Female,173.128.118.19
12,Lora,Badland,lbadlandb@google.nl,Female,18.118.112.34
13,Giulietta,Degoey,gdegoeyc@hhs.gov,Female,18.35.111.96
14,Karl,Buscombe,kbuscombed@hp.com,Male,131.36.131.10
15,Kennan,ducarme,kducarmee@google.it,Male,207.201.29.40
16,Shelley,Brierly,sbrierlyf@rakuten.co.jp,Bigender,58.139.162.132
17,Craggie,Fitchen,cfitcheng@prweb.com,Non-binary,221.204.79.113
18,Clem,Donet,cdoneth@foxnews.com,Male,198.73.227.15
19,Chloe,McGrane,cmcgranei@foxnews.com,Female,237.142.176.132
20,Daria,Neill,dneillj@uol.com.br,Female,127.75.57.231
21,Cheri,Shyram,cshyramk@prlog.org,Female,27.39.95.156
22,Cammy,Gircke,cgirckel@epa.gov,Female,4.157.96.158
23,Alonzo,Shenfish,ashenfishm@aboutads.info,Male,86.165.38.13
24,Flossi,Bienvenu,fbienvenun@macromedia.com,Female,223.155.214.239
25,Dorthea,Stranger,dstrangero@nasa.gov,Female,116.65.99.174
26,Stacy,Divine,sdivinep@netscape.com,Female,85.162.217.186
27,Calypso,Tomaselli,ctomaselliq@bloglines.com,Female,1.129.203.82
28,Othelia,Roblin,oroblinr@msu.edu,Female,151.10.86.249
29,Kimball,Kaliszewski,kkaliszewskis@apache.org,Male,88.236.230.32
30,Lilli,Berkery,lberkeryt@abc.net.au,Agender,254.23.6.72
31,Desiri,Norbury,dnorburyu@mtv.com,Female,246.93.26.73
32,Jonell,Bleythin,jbleythinv@creativecommons.org,Female,101.241.1.50
33,Mirilla,Plunket,mplunketw@timesonline.co.uk,Female,179.220.180.207
34,Tam,Jeacop,tjeacopx@istockphoto.com,Male,229.7.72.172
35,Rolph,Hurdiss,rhurdissy@woothemes.com,Male,142.151.188.150
36,Boris,Kitchenham,bkitchenhamz@nymag.com,Male,3.51.215.33
37,Caddric,Maty,cmaty10@canalblog.com,Male,86.208.94.137
38,Che,Lowen,clowen11@live.com,Male,233.118.243.22
39,Emile,Lapham,elapham12@google.de,Male,77.32.5.156
40,Ronny,Torvey,rtorvey13@paginegialle.it,Female,158.16.79.62
41,Lazare,Bruty,lbruty14@webnode.com,Male,134.253.122.76
42,Siffre,Puffett,spuffett15@youtube.com,Male,32.197.36.142
43,Shara,Penella,spenella16@jalbum.net,Female,220.14.199.191
44,Gil,Cockney,gcockney17@google.ru,Male,9.152.225.71
45,Morse,Roydon,mroydon18@walmart.com,Male,164.111.207.211
46,Gothart,Pavlik,gpavlik19@constantcontact.com,Male,240.124.223.73
47,Adrea,Willars,awillars1a@noaa.gov,Female,221.139.94.85
48,Neils,Pennetti,npennetti1b@ft.com,Male,53.86.164.184
49,Giavani,Ragdale,gragdale1c@upenn.edu,Male,212.94.28.117
50,Kort,Raund,kraund1d@sfgate.com,Male,186.52.221.229
51,Jaimie,Atling,jatling1e@wikimedia.org,Genderqueer,55.49.187.172
52,Ashby,Peebles,apeebles1f@spotify.com,Male,173.111.237.243
53,Shamus,Houldcroft,shouldcroft1g@nsw.gov.au,Male,73.203.8.159
54,Ingar,Cosens,icosens1h@taobao.com,Male,18.55.234.133
55,Munmro,Huckerbe,mhuckerbe1i@geocities.jp,Male,70.162.244.215
56,Guillaume,Troake,gtroake1j@wisc.edu,Male,101.12.39.175
57,Irena,Dullard,idullard1k@fotki.com,Female,128.170.105.71
58,Bentlee,Grimsdell,bgrimsdell1l@businesswire.com,Male,91.80.219.151
59,Rodrigo,De Cruce,rdecruce1m@edublogs.org,Male,109.151.159.232
60,Ashton,Cleverly,acleverly1n@google.nl,Male,15.216.84.100
61,Vince,Cowely,vcowely1o@e-recht24.de,Male,131.213.95.84
62,Winfred,Karpfen,wkarpfen1p@forbes.com,Genderfluid,12.94.139.1
63,Claudelle,Filippello,cfilippello1q@biglobe.ne.jp,Female,205.49.173.105
64,Quinlan,Karlicek,qkarlicek1r@hugedomains.com,Male,193.84.208.148
65,Laurena,Hirth,lhirth1s@craigslist.org,Non-binary,176.66.108.234
66,Husein,Rammell,hrammell1t@webmd.com,Male,248.23.122.196
67,Gorden,Rudkin,grudkin1u@reference.com,Male,135.245.74.95
68,Stinky,Darkin,sdarkin1v@cdbaby.com,Male,254.199.74.32
69,Jory,Brewin,jbrewin1w@blogs.com,Male,5.130.67.106
70,Randi,Cottu,rcottu1x@wufoo.com,Male,166.148.251.24
71,Henrie,Duferie,hduferie1y@youtu.be,Female,146.33.245.197
72,Dolorita,Gullefant,dgullefant1z@facebook.com,Female,119.141.130.220
73,Phil,Nys,pnys20@cyberchimps.com,Male,103.111.65.191
74,Norrie,Barr,nbarr21@state.tx.us,Female,250.161.96.113
75,Wallas,Beggini,wbeggini22@hatena.ne.jp,Non-binary,59.189.0.227
76,Andi,Mighele,amighele23@cafepress.com,Female,187.193.132.251
77,Barney,Sagerson,bsagerson24@skyrock.com,Male,239.91.219.40
78,Ruthi,Caughan,rcaughan25@discuz.net,Female,147.84.51.132
79,Marietta,Isenor,misenor26@mit.edu,Male,174.123.238.6
80,Sasha,Dagg,sdagg27@godaddy.com,Female,111.139.176.37
81,Zachery,McEttigen,zmcettigen28@forbes.com,Male,139.142.10.9
82,Fredric,Tollmache,ftollmache29@aol.com,Male,34.2.159.35
83,Arie,Ivanshintsev,aivanshintsev2a@e-recht24.de,Male,40.104.142.189
84,Jess,Gellert,jgellert2b@ameblo.jp,Female,92.188.148.136
85,Isak,O'Murtagh,iomurtagh2c@ameblo.jp,Male,100.122.67.229
86,Silvester,Barkhouse,sbarkhouse2d@indiatimes.com,Male,123.191.238.147
87,Kaine,Botger,kbotger2e@craigslist.org,Male,211.218.28.56
88,Rriocard,Marques,rmarques2f@cafepress.com,Male,55.197.148.175
89,Chrissie,Perillo,cperillo2g@people.com.cn,Female,145.70.157.68
90,Savina,Ketteridge,sketteridge2h@cornell.edu,Female,172.248.96.187
91,Ailina,Chichgar,achichgar2i@nhs.uk,Female,128.141.253.60
92,Lilias,Gatheral,lgatheral2j@shareasale.com,Female,154.202.207.34
93,Daria,Smallman,dsmallman2k@ed.gov,Female,65.211.73.135
94,Meredithe,Ondra,mondra2l@feedburner.com,Female,208.225.40.164
95,Con,Wetwood,cwetwood2m@ustream.tv,Male,250.91.198.86
96,Eleonore,Hambidge,ehambidge2n@intel.com,Female,163.196.44.210
97,Enrica,Michie,emichie2o@ed.gov,Female,103.59.94.10
98,Meggie,Kettles,mkettles2p@taobao.com,Female,4.249.193.137
99,Eustace,Kemp,ekemp2q@dropbox.com,Male,6.59.75.4
100,Lewie,Gookey,lgookey2r@fema.gov,Male,143.242.138.84
101,Gabie,Kunes,gkunes2s@i2i.jp,Female,9.187.112.19
102,Delcine,Robel,drobel2t@oakley.com,Female,171.58.54.185
103,Corly,Keilty,ckeilty2u@salon.com,Female,54.156.77.112
104,Gorden,Sleany,gsleany2v@ucla.edu,Male,60.215.59.137
105,Glennis,Gronowe,ggronowe2w@livejournal.com,Female,207.96.19.131
106,Miriam,Melby,mmelby2x@sitemeter.com,Female,160.54.218.148
107,Aindrea,Oakeby,aoakeby2y@wordpress.com,Agender,132.79.45.151
108,Ritchie,Matt,rmatt2z@symantec.com,Male,141.247.229.143
109,Roseanna,Leap,rleap30@usatoday.com,Female,43.25.187.160
110,Neila,Trobe,ntrobe31@mac.com,Female,140.76.206.102
111,Jason,Deroche,jderoche32@google.it,Male,121.44.215.110
112,Wendel,Satteford,wsatteford33@reference.com,Male,130.248.42.172
113,Betti,Capron,bcapron34@bizjournals.com,Female,225.199.240.189
114,Roy,McCarty,rmccarty35@slideshare.net,Male,167.39.202.97
115,Hoebart,Lytlle,hlytlle36@yellowpages.com,Male,92.48.175.179
116,Bartholomew,Pickford,bpickford37@state.tx.us,Male,148.18.90.63
117,Lorenzo,Harbach,lharbach38@ycombinator.com,Male,241.187.91.54
118,Barbabas,Schiersch,bschiersch39@smugmug.com,Male,132.183.105.229
119,Jude,Gainsbury,jgainsbury3a@reverbnation.com,Male,199.126.34.60
120,Spike,Galier,sgalier3b@telegraph.co.uk,Male,81.120.76.253
121,Faunie,Dossett,fdossett3c@squarespace.com,Female,180.17.60.217
122,Queenie,Coldtart,qcoldtart3d@smh.com.au,Polygender,33.194.66.141
123,Arturo,Treacy,atreacy3e@vkontakte.ru,Male,244.164.86.52
124,Yorgo,Till,ytill3f@mashable.com,Male,20.185.92.73
125,Wilhelm,Lamping,wlamping3g@gizmodo.com,Male,144.12.219.159
126,Keir,Dorey,kdorey3h@cnn.com,Male,36.175.214.253
127,Almeda,Gossage,agossage3i@springer.com,Female,149.216.63.203
128,Eddi,Markwick,emarkwick3j@de.vu,Female,165.128.172.69
129,Augustine,Popelay,apopelay3k@ca.gov,Male,23.4.112.45
130,Cart,Beverage,cbeverage3l@vinaora.com,Male,157.211.24.130
131,Stormy,Philipet,sphilipet3m@bloglines.com,Female,235.148.171.176
132,Therese,Maudsley,tmaudsley3n@imgur.com,Bigender,222.41.177.144
133,Jeanelle,Spary,jspary3o@cbslocal.com,Female,212.159.49.242
134,Gerome,Glinde,gglinde3p@mac.com,Male,143.173.229.69
135,Janessa,Pear,jpear3q@bbc.co.uk,Female,217.53.228.188
136,Vito,Germaine,vgermaine3r@yahoo.co.jp,Male,197.212.48.200
137,Peterus,O'Donovan,podonovan3s@squarespace.com,Male,100.86.151.171
138,Darcy,Blewett,dblewett3t@webmd.com,Male,93.165.102.140
139,Josee,Severn,jsevern3u@reuters.com,Female,244.16.89.146
140,Bo,Greenroad,bgreenroad3v@acquirethisname.com,Male,84.42.81.94
141,Gabi,Greenhall,ggreenhall3w@cocolog-nifty.com,Male,241.201.195.70
142,Brandyn,Kloska,bkloska3x@technorati.com,Male,125.187.246.234
143,Eberhard,Ashborne,eashborne3y@wp.com,Male,151.112.163.190
144,Griffith,Kimmerling,gkimmerling3z@bigcartel.com,Male,248.100.161.84
145,Debby,Grose,dgrose40@hostgator.com,Female,45.32.71.26
146,Marcie,Akett,makett41@hugedomains.com,Female,230.64.227.45
147,Roland,Bance,rbance42@state.gov,Male,31.211.153.117
148,Mariam,Syratt,msyratt43@mayoclinic.com,Female,169.98.42.122
149,Morganne,Abbatt,mabbatt44@answers.com,Female,198.173.62.67
150,Christen,Woolfitt,cwoolfitt45@engadget.com,Female,36.129.11.35
151,Clary,Perrelli,cperrelli46@telegraph.co.uk,Female,61.3.192.21
152,Jedediah,Carefull,jcarefull47@t.co,Male,169.228.137.236
153,Kerby,Breddy,kbreddy48@spiegel.de,Male,93.133.213.105
154,Jeffy,Pethrick,jpethrick49@bing.com,Male,16.7.192.57
155,Emlynn,Plackstone,eplackstone4a@icio.us,Female,27.239.143.81
156,Ivory,Hoggins,ihoggins4b@phpbb.com,Female,111.163.124.120
157,Flint,Rodrig,frodrig4c@omniture.com,Male,6.166.131.127
158,Wilton,Brader,wbrader4d@wunderground.com,Male,50.199.109.217
159,Marlo,Arderne,marderne4e@noaa.gov,Male,183.192.13.92
160,Marietta,Brasseur,mbrasseur4f@people.com.cn,Male,8.226.117.252
161,Beret,Mews,bmews4g@newyorker.com,Agender,127.96.62.155
162,Arlie,Barron,abarron4h@uol.com.br,Female,248.174.13.234
163,Brion,Panton,bpanton4i@ibm.com,Male,121.53.177.198
164,Dannye,Beard,dbeard4j@jiathis.com,Female,33.177.224.190
165,Garreth,Willoughby,gwilloughby4k@indiegogo.com,Male,152.184.168.227
166,Bailie,Quittonden,bquittonden4l@wordpress.org,Male,6.82.169.238
167,Cicely,Coners,cconers4m@webnode.com,Agender,158.159.35.90
168,Rafaellle,Strangwood,rstrangwood4n@howstuffworks.com,Male,20.200.227.176
169,Jennee,Brazer,jbrazer4o@disqus.com,Female,13.152.94.118
170,Briano,Dilston,bdilston4p@moonfruit.com,Male,48.45.180.244
171,Kaitlyn,Trask,ktrask4q@gravatar.com,Female,98.240.65.104
172,Nicole,Barajaz,nbarajaz4r@squarespace.com,Female,46.125.30.34
173,Lorrin,OIlier,loilier4s@japanpost.jp,Female,171.1.238.74
174,Leelah,Rockell,lrockell4t@stumbleupon.com,Non-binary,214.83.164.248
175,Cristabel,Treves,ctreves4u@ca.gov,Female,204.112.53.200
176,Rozalie,Spellard,rspellard4v@php.net,Female,222.201.169.175
177,Shoshana,Blakelock,sblakelock4w@dot.gov,Female,145.160.140.236
178,Hermia,MacCafferky,hmaccafferky4x@scribd.com,Female,203.156.239.151
179,Caty,Stedmond,cstedmond4y@bravesites.com,Genderfluid,174.91.129.206
180,Gertrude,Englefield,genglefield4z@devhub.com,Bigender,232.35.166.4
181,Noel,Gonnely,ngonnely50@youtube.com,Agender,169.235.20.100
182,Fayth,Tinline,ftinline51@gnu.org,Female,146.35.51.98
183,Ryun,Lanchberry,rlanchberry52@flavors.me,Male,190.208.140.151
184,Melitta,Whitlaw,mwhitlaw53@jimdo.com,Female,55.108.158.51
185,Miller,Braunfeld,mbraunfeld54@1688.com,Male,66.70.0.253
186,Mirilla,Kener,mkener55@mozilla.org,Female,192.148.231.131
187,Emalia,Peskett,epeskett56@yolasite.com,Female,143.54.128.26
188,Barris,Myhan,bmyhan57@prnewswire.com,Male,3.93.225.65
189,Grace,Oliff,goliff58@mashable.com,Female,132.47.245.194
190,Aldon,Kunkler,akunkler59@simplemachines.org,Male,184.123.95.187
191,Jacynth,Cavozzi,jcavozzi5a@upenn.edu,Female,116.22.21.229
192,Ardyth,Pautard,apautard5b@loc.gov,Female,73.186.174.219
193,Garry,Statter,gstatter5c@github.io,Male,228.56.88.239
194,Kendricks,Le Borgne,kleborgne5d@cafepress.com,Male,47.243.60.162
195,Shoshana,Arnecke,sarnecke5e@virginia.edu,Female,99.8.157.227
196,Cristian,Pringley,cpringley5f@geocities.com,Male,94.78.26.139
197,Alyda,Alywin,aalywin5g@com.com,Female,57.65.227.249
198,Chance,Ceresa,cceresa5h@sun.com,Male,204.238.3.210
199,Ira,Stoggell,istoggell5i@domainmarket.com,Female,127.68.105.28
200,Maddie,Scardafield,mscardafield5j@berkeley.edu,Female,41.232.217.40
201,Lurlene,Taffee,ltaffee5k@tumblr.com,Female,161.108.189.213
202,Henrieta,Wollaston,hwollaston5l@bizjournals.com,Agender,27.67.176.110
203,Virge,McGuiney,vmcguiney5m@fda.gov,Male,111.106.3.14
204,Stacy,Juanes,sjuanes5n@house.gov,Male,106.243.31.52
205,Jenda,McCreath,jmccreath5o@flickr.com,Female,206.231.253.189
206,Kimberli,Eccles,keccles5p@google.cn,Female,98.241.73.21
207,Kippy,Woodstock,kwoodstock5q@wsj.com,Female,220.104.217.46
208,Bartram,Celler,bceller5r@myspace.com,Male,224.88.243.113
209,Maggi,Ghidotti,mghidotti5s@umn.edu,Female,44.208.116.121
210,Laurel,McAvin,lmcavin5t@globo.com,Female,209.47.202.181
211,Jenna,Souley,jsouley5u@unc.edu,Female,102.23.100.238
212,Linzy,Camber,lcamber5v@reference.com,Polygender,153.139.140.142
213,Nathanael,Castille,ncastille5w@github.com,Male,119.15.50.175
214,Jerald,Linning,jlinning5x@addthis.com,Male,211.142.190.102
215,Candi,McKinn,cmckinn5y@auda.org.au,Female,61.176.76.61
216,Gretel,Nolte,gnolte5z@addtoany.com,Female,130.112.178.168
217,Ced,Arrault,carrault60@go.com,Male,254.89.62.88
218,Hewitt,Seamer,hseamer61@cmu.edu,Genderfluid,7.113.159.36
219,Lanae,Luppitt,lluppitt62@lycos.com,Female,161.57.71.104
220,Kale,Stut,kstut63@washingtonpost.com,Male,42.124.242.105
221,Elli,Gellier,egellier64@jiathis.com,Female,184.213.123.107
222,Beauregard,Beloe,bbeloe65@wp.com,Male,20.232.42.242
223,Godfree,Mundow,gmundow66@webnode.com,Male,31.124.82.215
224,Jehu,Tschirasche,jtschirasche67@mozilla.com,Male,122.122.213.31
225,Marylee,Castana,mcastana68@paginegialle.it,Female,11.24.61.174
226,Biron,Ourry,bourry69@usa.gov,Male,67.83.236.226
227,Daniele,Lamke,dlamke6a@sitemeter.com,Female,115.55.46.49
228,Eden,Mugglestone,emugglestone6b@webnode.com,Female,195.35.145.93
229,Rollin,Meiningen,rmeiningen6c@youku.com,Male,153.99.117.117
230,Abelard,Seakings,aseakings6d@google.com.au,Male,188.167.185.185
231,Adolf,Adshad,aadshad6e@marketwatch.com,Male,184.240.107.125
232,Washington,Fishbourne,wfishbourne6f@yahoo.com,Male,214.88.148.191
233,Randene,Leethem,rleethem6g@toplist.cz,Female,130.203.196.221
234,Hertha,Wrightem,hwrightem6h@scribd.com,Female,204.172.83.95
235,Ernesta,Wicher,ewicher6i@blog.com,Female,206.156.106.158
236,Timmy,Gartin,tgartin6j@vk.com,Female,233.206.89.187
237,Jasmine,Champ,jchamp6k@w3.org,Female,91.65.119.155
238,Samara,Lenard,slenard6l@google.com.br,Female,215.152.220.153
239,Mallory,Castaner,mcastaner6m@economist.com,Female,85.89.19.169
240,Tabina,Deem,tdeem6n@ibm.com,Female,81.112.48.121
241,Betteanne,Gadie,bgadie6o@blog.com,Female,206.62.165.179
242,Minny,Sollam,msollam6p@goodreads.com,Female,155.44.137.12
243,Percival,Capeloff,pcapeloff6q@behance.net,Male,58.137.152.8
244,Gregory,Peasee,gpeasee6r@sun.com,Male,86.149.65.6
245,Siouxie,Nicklin,snicklin6s@google.de,Female,13.180.99.63
246,Mildred,Rishman,mrishman6t@xing.com,Female,130.32.232.186
247,Debor,Crowter,dcrowter6u@github.com,Female,249.122.238.156
248,Isaak,Tomblings,itomblings6v@booking.com,Male,48.3.18.178
249,Mallory,Mammatt,mmammatt6w@linkedin.com,Male,185.225.203.251
250,Cathlene,Greenrod,cgreenrod6x@ask.com,Female,37.168.183.62
251,Jewell,Roswarn,jroswarn6y@ocn.ne.jp,Female,227.91.246.91
252,Zuzana,Hamner,zhamner6z@sbwire.com,Female,158.207.89.129
253,Caprice,Meletti,cmeletti70@harvard.edu,Female,119.224.18.146
254,Shelden,Langelaan,slangelaan71@hostgator.com,Male,238.201.110.15
255,Lucie,Beardon,lbeardon72@newyorker.com,Female,111.104.79.249
256,Ephraim,Finder,efinder73@blog.com,Male,37.188.117.126
257,Oberon,Deddum,odeddum74@behance.net,Male,107.40.14.85
258,Jakie,Acarson,jacarson75@surveymonkey.com,Male,188.221.168.124
259,Darrel,Crowdson,dcrowdson76@clickbank.net,Male,236.114.194.97
260,Abbey,Suggate,asuggate77@posterous.com,Male,32.200.99.53
261,Devinne,Archell,darchell78@naver.com,Female,81.159.35.42
262,Philippa,Heads,pheads79@phpbb.com,Female,2.178.108.149
263,Michaelina,Kun,mkun7a@cyberchimps.com,Female,172.182.44.37
264,Sigismondo,Worters,sworters7b@miitbeian.gov.cn,Male,72.205.103.206
265,Thomasa,Sevitt,tsevitt7c@sourceforge.net,Female,90.172.86.220
266,Xymenes,Lyven,xlyven7d@dailymotion.com,Male,196.185.120.0
267,Sarina,Bottomore,sbottomore7e@nhs.uk,Polygender,155.41.52.38
268,Bridgette,Quakley,bquakley7f@google.com.au,Non-binary,238.238.11.106
269,George,Jacqueme,gjacqueme7g@shutterfly.com,Female,220.252.6.91
270,Maddie,Doutch,mdoutch7h@networksolutions.com,Male,138.231.237.119
271,Colet,Fishburn,cfishburn7i@sina.com.cn,Male,139.62.92.165
272,Patric,Mallalieu,pmallalieu7j@mit.edu,Male,69.179.135.145
273,Carrie,Espine,cespine7k@redcross.org,Female,158.85.20.181
274,Bessy,Labes,blabes7l@youtube.com,Female,162.25.2.162
275,Clerissa,Hawkes,chawkes7m@toplist.cz,Female,112.231.129.199
276,Simone,Maund,smaund7n@desdev.cn,Polygender,245.107.215.116
277,Derward,Devennie,ddevennie7o@dailymotion.com,Male,225.96.114.226
278,Lanni,Hopfer,lhopfer7p@shop-pro.jp,Genderqueer,44.141.18.135
279,Tomi,Bredee,tbredee7q@twitter.com,Female,172.119.79.38
280,Yevette,Biaggioli,ybiaggioli7r@mapquest.com,Female,176.92.38.136
281,Stu,Cocklin,scocklin7s@youtube.com,Male,210.91.158.113
282,Martyn,Stanley,mstanley7t@engadget.com,Male,171.114.28.148
283,Shay,Corday,scorday7u@berkeley.edu,Male,131.63.176.145
284,Hyacinthia,Court,hcourt7v@opera.com,Female,26.91.57.143
285,Ximenez,Scoullar,xscoullar7w@usa.gov,Male,91.239.32.230
286,Lira,Prichard,lprichard7x@webnode.com,Female,93.57.75.64
287,Prissie,Yglesia,pyglesia7y@netscape.com,Female,185.172.125.5
288,Margette,Pirot,mpirot7z@wired.com,Female,223.21.86.140
289,Bancroft,Buddington,bbuddington80@about.com,Male,61.121.159.127
290,Morena,Hillock,mhillock81@noaa.gov,Female,173.33.16.25
291,Dennis,Lodwick,dlodwick82@mapy.cz,Male,239.131.44.45
292,Immanuel,McManamen,imcmanamen83@github.com,Male,185.13.100.72
293,Magdalene,Stennine,mstennine84@hc360.com,Female,17.90.216.204
294,Loella,Darcey,ldarcey85@mlb.com,Female,246.251.63.230
295,Kerry,Puleston,kpuleston86@wufoo.com,Male,239.167.5.63
296,Eliot,Fawdrey,efawdrey87@whitehouse.gov,Male,173.112.86.87
297,Udell,Babst,ubabst88@creativecommons.org,Male,137.177.118.43
298,Mercie,Skaife,mskaife89@about.me,Female,187.115.102.43
299,Andi,Rayman,arayman8a@joomla.org,Female,254.152.124.192
300,Jess,Oswick,joswick8b@nih.gov,Male,130.193.252.47
301,Rodge,Kingswoode,rkingswoode8c@home.pl,Polygender,185.219.111.219
302,Rudolfo,Onele,ronele8d@jiathis.com,Bigender,67.176.96.66
303,Nathanial,Jaumet,njaumet8e@g.co,Male,19.119.32.204
304,Alric,Bishell,abishell8f@usnews.com,Male,46.25.150.176
305,Irita,Donald,idonald8g@cmu.edu,Female,182.205.124.124
306,Rafa,Houchen,rhouchen8h@parallels.com,Bigender,24.77.8.72
307,Ynez,Martinek,ymartinek8i@dagondesign.com,Female,223.155.176.151
308,Maureene,Copson,mcopson8j@last.fm,Female,175.25.186.205
309,Oswald,Vinall,ovinall8k@uiuc.edu,Male,243.110.8.114
310,Queenie,Cowdry,qcowdry8l@blogtalkradio.com,Female,103.152.49.113
311,Paulette,Dix,pdix8m@ebay.co.uk,Female,13.137.114.252
312,Mitchell,McCrudden,mmccrudden8n@twitter.com,Male,191.158.95.120
313,Robinet,Geroldo,rgeroldo8o@thetimes.co.uk,Female,54.197.211.249
314,Janeczka,Cund,jcund8p@mediafire.com,Bigender,121.148.243.248
315,Fidole,Adamsen,fadamsen8q@oaic.gov.au,Male,23.60.173.15
316,Rhonda,Cossans,rcossans8r@miibeian.gov.cn,Female,158.117.155.110
317,Regan,Columbell,rcolumbell8s@washington.edu,Female,183.253.197.224
318,Leif,Olivo,lolivo8t@wix.com,Male,231.226.144.136
319,Claude,Lehr,clehr8u@reuters.com,Female,56.198.106.53
320,Trevor,Bartoszewski,tbartoszewski8v@scientificamerican.com,Male,207.39.167.215
321,Margarita,Jee,mjee8w@admin.ch,Female,231.127.205.241
322,Tabbitha,Jukubczak,tjukubczak8x@narod.ru,Female,113.13.208.161
323,Malissa,Wheatley,mwheatley8y@google.co.jp,Agender,165.159.178.14
324,Sasha,Dimmer,sdimmer8z@who.int,Female,221.155.56.201
325,Eugenius,Ashwell,eashwell90@squidoo.com,Polygender,86.181.63.179
326,Sherwood,Marzelo,smarzelo91@squidoo.com,Male,227.181.235.165
327,Dolf,Casali,dcasali92@dailymotion.com,Male,35.77.73.141
328,Roxine,Iamittii,riamittii93@360.cn,Female,1.43.98.249
329,Stephenie,Choules,schoules94@reference.com,Female,66.8.137.128
330,Austen,O'Currine,aocurrine95@businesswire.com,Male,78.96.13.108
331,Doralynn,Dallman,ddallman96@intel.com,Female,167.39.66.56
332,Ario,Calan,acalan97@ameblo.jp,Male,23.183.197.120
333,Nollie,Renault,nrenault98@seesaa.net,Female,231.213.58.253
334,Ebony,Lafflina,elafflina99@mediafire.com,Female,90.91.105.224
335,Kassandra,Arnaldy,karnaldy9a@telegraph.co.uk,Polygender,82.97.171.218
336,Lavena,Freeborn,lfreeborn9b@typepad.com,Female,198.85.72.69
337,Danell,Sheekey,dsheekey9c@shop-pro.jp,Genderfluid,213.86.189.82
338,Darryl,Posselow,dposselow9d@apple.com,Female,28.160.73.154
339,Abagail,Darlison,adarlison9e@etsy.com,Female,95.27.228.164
340,Bronny,McCreagh,bmccreagh9f@foxnews.com,Male,113.35.75.133
341,Carroll,Heitz,cheitz9g@desdev.cn,Male,242.86.25.25
342,Farlee,MacGillivrie,fmacgillivrie9h@blog.com,Male,167.106.11.164
343,Isak,Gander,igander9i@biglobe.ne.jp,Male,50.227.216.54
344,Cristiano,L'Amie,clamie9j@wisc.edu,Male,28.61.97.191
345,Anitra,Dumpleton,adumpleton9k@yandex.ru,Female,34.199.138.210
346,Benton,Capron,bcapron9l@imgur.com,Male,160.47.11.140
347,Bridget,Waplington,bwaplington9m@mlb.com,Bigender,5.155.1.104
348,Dorisa,Kattenhorn,dkattenhorn9n@themeforest.net,Female,218.81.75.216
349,Broderick,Serotsky,bserotsky9o@mashable.com,Male,222.207.135.187
350,Reinhard,Goodricke,rgoodricke9p@i2i.jp,Agender,103.29.232.230
351,Theresa,Happer,thapper9q@stumbleupon.com,Female,20.127.242.56
352,Cecile,Rout,crout9r@fastcompany.com,Female,121.169.232.37
353,Donelle,Bordman,dbordman9s@abc.net.au,Female,28.23.162.168
354,Nealon,Macek,nmacek9t@independent.co.uk,Male,140.192.60.189
355,Isa,Inchbald,iinchbald9u@intel.com,Agender,73.174.160.205
356,Quinton,O'Day,qoday9v@upenn.edu,Agender,119.201.177.146
357,Rosaline,Warkup,rwarkup9w@diigo.com,Female,144.250.102.183
358,Harlie,Palmer,hpalmer9x@taobao.com,Genderqueer,211.146.161.212
359,Leann,Lowndsborough,llowndsborough9y@youtube.com,Female,133.124.38.213
360,Phillipe,Capponer,pcapponer9z@techcrunch.com,Male,29.21.51.54
361,Crissy,Insole,cinsolea0@twitpic.com,Female,186.40.130.196
362,Keene,Warricker,kwarrickera1@tmall.com,Male,60.115.226.9
363,Griffie,Potebury,gpoteburya2@ocn.ne.jp,Polygender,27.54.182.5
364,Nefen,Burlay,nburlaya3@buzzfeed.com,Male,127.235.186.22
365,Waylen,Sprake,wsprakea4@nbcnews.com,Male,79.79.44.111
366,Marsiella,Crosseland,mcrosselanda5@fda.gov,Female,156.114.129.158
367,Sarita,Chadbourne,schadbournea6@prnewswire.com,Female,84.155.30.10
368,Manny,Covington,mcovingtona7@lulu.com,Male,145.247.255.180
369,Ripley,Bastin,rbastina8@theatlantic.com,Genderfluid,63.200.249.78
370,Thoma,Stelfox,tstelfoxa9@japanpost.jp,Male,244.224.171.254
371,Iseabal,Denyer,idenyeraa@pbs.org,Female,202.72.77.230
372,Chiquita,Lowther,clowtherab@answers.com,Female,90.5.127.36
373,Patton,Sponer,psponerac@bravesites.com,Male,222.127.165.22
374,Paxon,Klaessen,pklaessenad@naver.com,Male,3.173.61.80
375,Darrell,Doole,ddooleae@angelfire.com,Male,222.76.143.119
376,Westleigh,Bish,wbishaf@free.fr,Male,132.159.96.206
377,Amalie,Zuanazzi,azuanazziag@opera.com,Female,239.166.93.103
378,Veronica,Elwell,velwellah@berkeley.edu,Female,67.54.230.51
379,Celisse,Braam,cbraamai@sbwire.com,Female,207.65.238.42
380,Zaccaria,Plose,zploseaj@e-recht24.de,Male,255.217.64.79
381,Levon,Knapton,lknaptonak@storify.com,Male,77.167.112.146
382,Bruis,Smitten,bsmittenal@mapy.cz,Male,172.176.41.65
383,Margaretha,McVrone,mmcvroneam@hugedomains.com,Female,245.40.183.152
384,Rianon,Antoniewicz,rantoniewiczan@amazon.de,Female,5.24.53.79
385,Alleyn,Duckitt,aduckittao@wikispaces.com,Male,62.91.53.249
386,Chloris,Trewett,ctrewettap@taobao.com,Female,210.229.124.200
387,Daniella,Casone,dcasoneaq@sitemeter.com,Female,54.60.157.175
388,Nowell,Currell,ncurrellar@opensource.org,Male,138.171.183.139
389,Timothee,Tipton,ttiptonas@google.com.au,Male,234.75.56.115
390,Starla,Matej,smatejat@edublogs.org,Female,63.169.24.35
391,Alexander,Broader,abroaderau@diigo.com,Male,65.38.147.208
392,Alasteir,Conford,aconfordav@cbslocal.com,Male,26.180.163.248
393,Filberto,Grummitt,fgrummittaw@etsy.com,Male,25.30.52.68
394,Midge,Scurrer,mscurrerax@reuters.com,Female,20.35.125.111
395,Orin,Stihl,ostihlay@state.tx.us,Male,69.251.99.111
396,Raynor,Driscoll,rdriscollaz@tinypic.com,Male,240.10.161.191
397,Didi,Cotton,dcottonb0@google.es,Female,238.196.178.254
398,Reidar,Huxster,rhuxsterb1@zdnet.com,Male,64.109.110.150
399,Sephira,Antwis,santwisb2@liveinternet.ru,Female,243.26.157.36
400,Julio,O'Rudden,joruddenb3@virginia.edu,Male,243.15.215.120
401,Mike,Ramsden,mramsdenb4@hibu.com,Male,172.40.82.110
402,Sammy,Bothams,sbothamsb5@themeforest.net,Female,214.19.74.87
403,Melessa,Sinncock,msinncockb6@slashdot.org,Female,12.99.202.224
404,Rosana,Ewart,rewartb7@adobe.com,Female,37.138.84.112
405,Saxe,Ramplee,srampleeb8@oracle.com,Male,152.182.171.209
406,Aggi,Suscens,asuscensb9@booking.com,Female,181.79.69.91
407,Rex,Andriuzzi,randriuzziba@nifty.com,Male,244.157.102.108
408,Frank,Druitt,fdruittbb@elpais.com,Genderqueer,91.141.194.184
409,Desiri,Ference,dferencebc@1688.com,Female,194.103.111.180
410,Edvard,Wrate,ewratebd@php.net,Male,134.41.37.34
411,Norman,Dedon,ndedonbe@addthis.com,Male,91.231.111.77
412,Antonio,Siehard,asiehardbf@gizmodo.com,Male,242.233.117.148
413,Lowrance,Kane,lkanebg@illinois.edu,Male,180.43.246.109
414,Salomon,Lutwidge,slutwidgebh@twitter.com,Male,30.87.224.1
415,Willa,Prangley,wprangleybi@walmart.com,Female,13.98.221.89
416,Celestyna,Screas,cscreasbj@com.com,Female,138.107.211.239
417,Demetre,Currall,dcurrallbk@pcworld.com,Male,252.225.229.155
418,Andre,Rizzone,arizzonebl@psu.edu,Male,46.23.82.186
419,Kathryn,Mum,kmumbm@nps.gov,Female,44.22.212.204
420,Alexandro,Yukhnini,ayukhninibn@gmpg.org,Male,154.244.60.125
421,Wye,Ritch,writchbo@globo.com,Male,4.200.50.250
422,Donnell,Armfirld,darmfirldbp@hud.gov,Male,243.98.174.214
423,Brigida,Hardesty,bhardestybq@creativecommons.org,Female,52.105.130.202
424,Killy,Joburn,kjoburnbr@wp.com,Male,183.206.100.198
425,Wilhelmine,Kensley,wkensleybs@addtoany.com,Female,138.62.234.42
426,Nomi,Cotton,ncottonbt@shinystat.com,Agender,244.73.192.111
427,Kathy,Durand,kdurandbu@blogger.com,Female,194.69.126.163
428,Dulce,Meijer,dmeijerbv@parallels.com,Female,252.59.192.28
429,Joli,Peert,jpeertbw@e-recht24.de,Female,197.217.202.117
430,Audi,Meenan,ameenanbx@sina.com.cn,Female,182.237.116.98
431,Doy,McKniely,dmcknielyby@google.com.au,Male,212.254.219.202
432,Avrom,Elms,aelmsbz@nhs.uk,Male,200.170.186.250
433,Charmain,Berisford,cberisfordc0@hexun.com,Female,248.0.137.245
434,Angil,Legging,aleggingc1@npr.org,Female,52.144.120.248
435,Georgette,Togwell,gtogwellc2@vkontakte.ru,Female,79.239.155.100
436,Clem,Deares,cdearesc3@marriott.com,Male,203.232.97.202
437,Vida,Sieb,vsiebc4@ted.com,Agender,24.236.184.214
438,Sayres,Simanenko,ssimanenkoc5@chicagotribune.com,Male,181.212.16.103
439,Evvie,Sturrock,esturrockc6@huffingtonpost.com,Female,139.55.35.68
440,Carey,Klammt,cklammtc7@intel.com,Genderfluid,86.13.198.228
441,Isidora,Osmon,iosmonc8@sfgate.com,Female,68.51.139.79
442,Eydie,Timmins,etimminsc9@digg.com,Female,181.101.163.161
443,Gaye,Huckin,ghuckinca@myspace.com,Female,135.232.84.186
444,Karola,Pulbrook,kpulbrookcb@netvibes.com,Female,52.179.163.54
445,Gina,Brambill,gbrambillcc@dagondesign.com,Female,12.162.23.128
446,Tiffy,Creaven,tcreavencd@mozilla.org,Polygender,238.124.105.193
447,Reggi,Morrad,rmorradce@examiner.com,Female,70.1.28.103
448,Bryna,Sheeran,bsheerancf@indiatimes.com,Female,16.160.155.17
449,Anselm,Pearle,apearlecg@ow.ly,Non-binary,186.81.67.241
450,Gale,Stobbes,gstobbesch@diigo.com,Male,189.208.160.36
451,Thatch,Braundt,tbraundtci@w3.org,Polygender,67.227.222.18
452,Gaultiero,Farfolomeev,gfarfolomeevcj@clickbank.net,Male,127.143.10.228
453,Shay,Atton,sattonck@digg.com,Male,82.163.20.190
454,Dominique,Fildery,dfilderycl@unc.edu,Female,213.75.235.84
455,Flora,Mongin,fmongincm@senate.gov,Genderqueer,125.201.40.244
456,Eydie,Spurriar,espurriarcn@discovery.com,Female,190.201.200.169
457,Bronnie,Smallpiece,bsmallpiececo@hp.com,Male,85.61.212.33
458,Ava,Farmar,afarmarcp@printfriendly.com,Female,67.27.51.4
459,Ronnica,Tows,rtowscq@i2i.jp,Female,246.252.87.109
460,Avis,Myatt,amyattcr@fema.gov,Female,152.100.202.37
461,Mari,Egglestone,megglestonecs@acquirethisname.com,Female,190.89.104.3
462,Renelle,Bourton,rbourtonct@zdnet.com,Female,26.64.91.175
463,Felike,Sanderson,fsandersoncu@auda.org.au,Non-binary,170.191.123.112
464,Manda,Godmar,mgodmarcv@yahoo.co.jp,Female,132.196.32.135
465,Kira,Harnwell,kharnwellcw@va.gov,Female,160.92.215.172
466,Andra,McNiven,amcnivencx@uiuc.edu,Female,80.23.92.104
467,Griselda,Dimsdale,gdimsdalecy@msn.com,Female,86.135.109.37
468,Bernard,Beardsall,bbeardsallcz@myspace.com,Male,125.184.7.186
469,Mel,Matterface,mmatterfaced0@webmd.com,Genderfluid,6.49.179.30
470,Maxie,Mitchelson,mmitchelsond1@1und1.de,Female,139.70.104.204
471,Graeme,Conerding,gconerdingd2@sitemeter.com,Male,232.209.246.211
472,Ingram,Hellard,ihellardd3@phoca.cz,Male,13.117.232.141
473,Osbourne,Fechnie,ofechnied4@imageshack.us,Male,143.181.131.145
474,Luis,Carvill,lcarvilld5@plala.or.jp,Male,186.150.21.60
475,Lonee,Brittain,lbrittaind6@unicef.org,Female,51.236.159.61
476,Stacey,Blevin,sblevind7@uiuc.edu,Female,91.106.122.100
477,Skelly,Lomasna,slomasnad8@reddit.com,Male,66.35.191.43
478,Lenee,Ranahan,lranahand9@walmart.com,Female,217.231.207.234
479,Sonny,Diggar,sdiggarda@sun.com,Male,41.218.180.245
480,Kelila,Koppelmann,kkoppelmanndb@msu.edu,Female,125.130.69.167
481,Herschel,Ackhurst,hackhurstdc@blogs.com,Male,131.184.13.172
482,Carey,Costard,ccostarddd@newsvine.com,Male,140.67.61.231
483,Odella,Silliman,osillimande@google.cn,Female,46.110.190.34
484,Ced,Retallack,cretallackdf@infoseek.co.jp,Male,139.92.90.171
485,Lorrayne,Membry,lmembrydg@blinklist.com,Female,64.70.141.209
486,Gus,Plinck,gplinckdh@hibu.com,Male,34.169.244.53
487,Berta,Lanfer,blanferdi@boston.com,Female,76.223.251.131
488,Blane,Brierly,bbrierlydj@ebay.com,Male,169.57.124.7
489,Rubin,Micklem,rmicklemdk@ft.com,Male,75.138.178.58
490,Kari,Necrews,knecrewsdl@oracle.com,Non-binary,80.58.102.243
491,Buiron,Cuffin,bcuffindm@exblog.jp,Male,134.26.47.120
492,Silvester,Skitteral,sskitteraldn@engadget.com,Male,96.54.36.127
493,Hailey,Dempsey,hdempseydo@earthlink.net,Agender,22.18.53.219
494,Ermin,Collis,ecollisdp@jigsy.com,Male,67.154.215.237
495,Denys,Prine,dprinedq@edublogs.org,Male,192.12.86.187
496,Bartholomeus,Beauchop,bbeauchopdr@yolasite.com,Male,187.136.229.87
497,Francisco,McIlvaney,fmcilvaneyds@reverbnation.com,Male,74.137.124.220
498,Lothario,Claworth,lclaworthdt@bizjournals.com,Male,156.200.204.103
499,Benton,Gipp,bgippdu@cbsnews.com,Male,186.163.76.3
500,Rolland,Shiel,rshieldv@baidu.com,Male,59.225.217.167
501,Vassili,Sprigg,vspriggdw@edublogs.org,Male,115.81.71.46
502,Belicia,Van der Brug,bvanderbrugdx@skyrock.com,Genderqueer,30.38.23.114
503,Albertine,Mockett,amockettdy@nifty.com,Female,147.130.0.209
504,Rodolfo,Lemonnier,rlemonnierdz@zdnet.com,Male,1.144.84.108
505,Tammara,Roubeix,troubeixe0@mozilla.org,Female,132.214.209.201
506,Berky,Tonbye,btonbyee1@blinklist.com,Male,161.128.0.9
507,Bone,Carde,bcardee2@hostgator.com,Male,142.27.58.4
508,Vina,Hallgate,vhallgatee3@privacy.gov.au,Female,9.161.216.117
509,Nani,Gemelli,ngemellie4@mediafire.com,Female,216.56.112.192
510,Philipa,Strangeway,pstrangewaye5@indiatimes.com,Female,2.177.151.82
511,Ellie,Balmann,ebalmanne6@people.com.cn,Female,213.184.111.183
512,Joan,Ingliss,jinglisse7@cyberchimps.com,Female,165.114.170.202
513,Zollie,Galloway,zgallowaye8@addthis.com,Male,150.207.244.237
514,Barb,Vasyunichev,bvasyunicheve9@buzzfeed.com,Female,118.153.113.92
515,Jamie,Klaggeman,jklaggemanea@businessweek.com,Male,212.121.161.215
516,Elroy,Pyne,epyneeb@opensource.org,Male,155.73.250.69
517,Benjy,Machent,bmachentec@theguardian.com,Male,215.11.167.44
518,Aurilia,Adamiak,aadamiaked@desdev.cn,Female,233.171.204.223
519,Donal,Goligher,dgoligheree@github.io,Agender,157.23.240.156
520,Clarette,Cleynman,ccleynmanef@columbia.edu,Female,85.224.34.202
521,Elaine,Screach,escreacheg@mashable.com,Female,91.71.34.26
522,Ketti,Bartholomew,kbartholomeweh@github.com,Female,163.54.31.69
523,Bendix,Spiers,bspiersei@arstechnica.com,Male,237.65.251.211
524,Dilan,Candish,dcandishej@buzzfeed.com,Male,96.168.100.67
525,Filide,Hosten,fhostenek@pagesperso-orange.fr,Female,63.31.31.138
526,Sullivan,Nisard,snisardel@cnet.com,Male,78.182.253.158
527,Cornall,Grist,cgristem@eepurl.com,Male,116.118.223.24
528,Pippy,Ginnaly,pginnalyen@theatlantic.com,Female,114.11.20.211
529,Hildagard,Domingues,hdomingueseo@desdev.cn,Female,186.253.145.128
530,Gayla,Pharaoh,gpharaohep@shutterfly.com,Female,181.67.233.224
531,Crystal,Scripps,cscrippseq@drupal.org,Female,148.248.145.64
532,Heida,Fowkes,hfowkeser@php.net,Female,31.105.235.218
533,Papageno,Kinder,pkinderes@parallels.com,Male,193.144.63.110
534,Hercule,Gronav,hgronavet@shop-pro.jp,Male,188.131.57.194
535,Emelina,Cohani,ecohanieu@pcworld.com,Female,161.22.250.68
536,Mariejeanne,Martinets,mmartinetsev@forbes.com,Female,209.22.136.110
537,Kip,Wickes,kwickesew@businessinsider.com,Male,140.38.157.183
538,Benito,Coughtrey,bcoughtreyex@squarespace.com,Male,203.142.28.78
539,Rafaelia,Nugent,rnugentey@wunderground.com,Female,96.89.175.133
540,Millard,Britten,mbrittenez@xrea.com,Male,133.245.248.29
541,Beatrice,Oxbie,boxbief0@feedburner.com,Female,167.50.186.202
542,Spense,Levinge,slevingef1@github.io,Male,176.140.198.195
543,Lem,Kedward,lkedwardf2@fastcompany.com,Male,203.99.162.4
544,Batholomew,Bennington,bbenningtonf3@mozilla.com,Male,181.183.93.194
545,Ryley,Heading,rheadingf4@skyrock.com,Male,221.240.253.8
546,Olivero,Freire,ofreiref5@myspace.com,Male,220.66.180.190
547,Laure,Cases,lcasesf6@omniture.com,Bigender,223.111.242.251
548,Kelly,Winsome,kwinsomef7@parallels.com,Male,67.250.218.183
549,Jamill,Padgham,jpadghamf8@senate.gov,Male,87.207.77.111
550,Wain,Doggrell,wdoggrellf9@sogou.com,Male,207.10.255.150
551,Danell,Balasin,dbalasinfa@addthis.com,Female,47.189.159.175
552,Mortie,Duesbury,mduesburyfb@bing.com,Male,18.154.21.79
553,Allayne,Stute,astutefc@ovh.net,Male,0.253.66.243
554,Grant,Brahmer,gbrahmerfd@elpais.com,Male,46.36.156.229
555,Ursa,Rubbens,urubbensfe@theglobeandmail.com,Female,44.147.211.109
556,Marwin,Weber,mweberff@slideshare.net,Male,169.83.240.245
557,Konstanze,Lomasney,klomasneyfg@latimes.com,Female,33.133.25.225
558,Gelya,Bembrigg,gbembriggfh@kickstarter.com,Non-binary,59.67.43.87
559,Alwin,Newis,anewisfi@senate.gov,Male,97.21.18.145
560,Margery,Foxton,mfoxtonfj@flickr.com,Female,27.102.53.159
561,Henrie,Saddler,hsaddlerfk@kickstarter.com,Female,238.165.133.136
562,Eimile,Mollnar,emollnarfl@blogspot.com,Polygender,180.173.175.13
563,Randell,Woosnam,rwoosnamfm@google.co.uk,Male,11.173.50.7
564,Dorolice,Woolam,dwoolamfn@zimbio.com,Female,37.255.54.26
565,Madison,Gayforth,mgayforthfo@google.co.jp,Male,113.118.57.121
566,Sal,Idell,sidellfp@oracle.com,Male,163.94.152.116
567,Wynne,Dymick,wdymickfq@telegraph.co.uk,Female,97.133.75.51
568,Dame,Cruise,dcruisefr@so-net.ne.jp,Male,247.98.201.251
569,Gerik,Kirsche,gkirschefs@hubpages.com,Male,139.124.160.172
570,Portia,Crickmore,pcrickmoreft@salon.com,Female,25.113.171.52
571,Jozef,Morrissey,jmorrisseyfu@symantec.com,Male,48.46.175.77
572,Pammi,Tasseler,ptasselerfv@barnesandnoble.com,Female,21.19.8.171
573,Bibby,Chatters,bchattersfw@irs.gov,Female,51.94.240.189
574,Kellsie,Netting,knettingfx@google.fr,Female,81.243.1.24
575,Fawnia,Garshore,fgarshorefy@cisco.com,Female,120.145.32.165
576,Pernell,Tredget,ptredgetfz@jalbum.net,Male,203.236.21.117
577,Wilie,Trayes,wtrayesg0@europa.eu,Female,25.135.60.227
578,Nikaniki,Stopher,nstopherg1@washingtonpost.com,Female,233.159.233.52
579,Ardisj,Kezor,akezorg2@sciencedirect.com,Female,201.123.117.26
580,Panchito,Dog,pdogg3@uiuc.edu,Genderfluid,245.157.5.101
581,Thaine,Knappett,tknappettg4@dion.ne.jp,Male,62.42.216.169
582,Calv,Courtonne,ccourtonneg5@clickbank.net,Genderqueer,98.2.249.191
583,Zorana,Lennox,zlennoxg6@example.com,Female,233.199.34.194
584,Dyann,Vedikhov,dvedikhovg7@lulu.com,Female,186.25.23.73
585,Max,Nightingale,mnightingaleg8@npr.org,Male,190.227.60.55
586,Kati,Wintersgill,kwintersgillg9@geocities.jp,Female,126.64.29.207
587,Nealy,Dodshon,ndodshonga@fotki.com,Male,164.201.162.251
588,Yasmeen,Aiskrigg,yaiskrigggb@wunderground.com,Female,49.6.147.78
589,Sal,Smolan,ssmolangc@drupal.org,Male,81.250.194.202
590,Dagmar,Crossfield,dcrossfieldgd@is.gd,Female,198.47.197.101
591,Zane,Mulheron,zmulheronge@sakura.ne.jp,Male,215.132.45.128
592,Sonnie,Goare,sgoaregf@istockphoto.com,Male,92.79.56.237
593,Geoffry,Dominetti,gdominettigg@ow.ly,Male,34.220.144.27
594,Robinetta,Allgood,rallgoodgh@go.com,Female,96.90.82.126
595,Nathanil,Viner,nvinergi@a8.net,Male,232.6.243.175
596,Aleece,Boyett,aboyettgj@google.ru,Female,174.53.26.48
597,Ketty,Bleyman,kbleymangk@twitter.com,Female,204.116.206.141
598,Loren,Dawidowitsch,ldawidowitschgl@imgur.com,Male,124.47.111.98
599,Saundra,McTerry,smcterrygm@earthlink.net,Female,188.25.197.250
600,Marten,Bernardini,mbernardinign@wiley.com,Male,139.132.168.52
601,Merrick,Showering,mshoweringgo@businessinsider.com,Male,219.80.51.92
602,Agustin,Meachen,ameachengp@nydailynews.com,Male,54.237.8.144
603,Ashely,Terney,aterneygq@loc.gov,Genderqueer,239.7.110.240
604,Winifred,Nolot,wnolotgr@webnode.com,Female,72.22.198.140
605,Nikoletta,Cardinale,ncardinalegs@aboutads.info,Female,170.146.252.64
606,Hally,Andreichik,handreichikgt@reverbnation.com,Non-binary,232.37.150.153
607,Matias,Nasey,mnaseygu@princeton.edu,Male,237.179.219.93
608,Tracey,Farney,tfarneygv@indiegogo.com,Male,154.207.127.172
609,Arron,Mechi,amechigw@gravatar.com,Male,253.7.60.50
610,Darren,Petracek,dpetracekgx@canalblog.com,Male,170.170.84.246
611,Sherye,Hornbuckle,shornbucklegy@shareasale.com,Female,6.220.200.24
612,Randa,McPike,rmcpikegz@nifty.com,Female,89.183.52.144
613,Thurstan,Pleasaunce,tpleasaunceh0@newyorker.com,Male,53.177.39.151
614,Darb,Dufaur,ddufaurh1@youtu.be,Male,147.217.246.60
615,Blaine,Crosher,bcrosherh2@infoseek.co.jp,Male,8.195.69.222
616,Guillermo,Morriarty,gmorriartyh3@npr.org,Male,199.235.55.78
617,Paolina,Croxall,pcroxallh4@macromedia.com,Female,248.147.128.175
618,Pepi,Beamand,pbeamandh5@buzzfeed.com,Female,144.98.189.33
619,Kain,Keefe,kkeefeh6@dmoz.org,Male,183.169.128.11
620,Ernest,Miskimmon,emiskimmonh7@51.la,Non-binary,108.146.113.184
621,Dewitt,Lanchbury,dlanchburyh8@smh.com.au,Male,30.28.178.17
622,Edouard,Dowson,edowsonh9@github.io,Male,54.238.182.131
623,Maryrose,Blakiston,mblakistonha@webeden.co.uk,Female,228.106.214.231
624,Kerrie,Jacobbe,kjacobbehb@squidoo.com,Female,92.12.4.49
625,Germayne,Holworth,gholworthhc@bandcamp.com,Male,30.159.150.227
626,Goldie,Keates,gkeateshd@disqus.com,Bigender,40.85.90.193
627,Humbert,Grabiec,hgrabieche@miitbeian.gov.cn,Male,138.56.39.27
628,Bernita,Swainson,bswainsonhf@hud.gov,Female,74.81.145.68
629,Candy,Cavet,ccavethg@miibeian.gov.cn,Female,169.66.253.251
630,Jennette,Father,jfatherhh@zimbio.com,Female,57.58.40.148
631,Sandi,Brimicombe,sbrimicombehi@tinyurl.com,Female,85.121.165.209
632,Lucian,Quogan,lquoganhj@themeforest.net,Male,230.51.99.235
633,Urbano,Rakes,urakeshk@patch.com,Male,29.186.230.178
634,Lonnard,Assender,lassenderhl@forbes.com,Male,12.222.190.48
635,Talia,Ikins,tikinshm@sitemeter.com,Female,182.219.91.6
636,Frederique,Magarrell,fmagarrellhn@go.com,Female,209.109.72.57
637,Rolfe,Rillett,rrillettho@angelfire.com,Male,185.176.208.219
638,Evin,Giamelli,egiamellihp@marriott.com,Male,97.89.183.104
639,Melony,McRorie,mmcroriehq@archive.org,Female,124.42.206.157
640,Kaitlynn,Collopy,kcollopyhr@zimbio.com,Female,88.228.71.188
641,Tobe,Dusting,tdustinghs@tiny.cc,Male,60.103.153.90
642,Breanne,Blinkhorn,bblinkhornht@timesonline.co.uk,Female,84.232.57.58
643,Lura,Anthona,lanthonahu@nps.gov,Female,140.113.130.149
644,Svend,Cowey,scoweyhv@cdc.gov,Male,180.108.126.71
645,Ynez,Beedham,ybeedhamhw@de.vu,Female,147.69.213.153
646,Carmelita,McColl,cmccollhx@bluehost.com,Female,238.83.37.147
647,Vivia,Patrie,vpatriehy@ezinearticles.com,Female,178.200.236.164
648,Taddeusz,Deathridge,tdeathridgehz@miitbeian.gov.cn,Male,189.116.237.46
649,Carlo,Beresfore,cberesforei0@nps.gov,Male,66.237.148.63
650,Hildagard,Laming,hlamingi1@quantcast.com,Female,119.77.154.111
651,Walt,Rosedale,wrosedalei2@apache.org,Male,127.5.93.120
652,Shayna,Bonifacio,sbonifacioi3@flickr.com,Female,117.207.87.137
653,Rosemaria,Di Franceshci,rdifranceshcii4@timesonline.co.uk,Female,47.214.227.184
654,Rickey,Kohlert,rkohlerti5@hc360.com,Male,185.128.45.115
655,Dara,Barukh,dbarukhi6@netscape.com,Agender,130.99.233.150
656,Hakim,Ortmann,hortmanni7@chron.com,Male,193.75.118.111
657,Joelly,Solloway,jsollowayi8@dmoz.org,Female,105.2.134.177
658,Hank,Gentery,hgenteryi9@hp.com,Male,54.87.44.122
659,Barret,Mort,bmortia@i2i.jp,Male,50.197.207.146
660,Alaster,Shannon,ashannonib@typepad.com,Male,74.133.47.166
661,Emlynne,Gosneye,egosneyeic@canalblog.com,Female,184.123.38.99
662,Guillermo,Mee,gmeeid@pcworld.com,Male,188.184.86.43
663,Cos,Slee,csleeie@mediafire.com,Male,131.12.86.206
664,Abel,Holdin,aholdinif@creativecommons.org,Male,214.236.173.77
665,Milli,McCaughran,mmccaughranig@illinois.edu,Female,77.139.60.126
666,Christal,Remirez,cremirezih@examiner.com,Female,178.234.71.14
667,Francklyn,Halsho,fhalshoii@europa.eu,Male,94.178.204.197
668,Andros,Mudle,amudleij@google.co.uk,Male,84.125.6.71
669,Amery,Doey,adoeyik@phpbb.com,Male,42.25.30.143
670,Yvonne,Ertel,yertelil@xrea.com,Female,127.49.216.71
671,Adelina,Tunnick,atunnickim@redcross.org,Female,148.2.42.123
672,Rurik,Gavagan,rgavaganin@drupal.org,Male,136.6.252.107
673,Sayres,Lansdowne,slansdowneio@alibaba.com,Male,225.10.240.203
674,Findley,Dowdell,fdowdellip@nymag.com,Male,52.200.92.191
675,Mellisa,Czajkowski,mczajkowskiiq@soup.io,Female,11.133.235.105
676,Kimble,Hosby,khosbyir@rakuten.co.jp,Male,64.166.67.234
677,Jarrad,Alliberton,jallibertonis@cargocollective.com,Genderqueer,63.136.62.59
678,Dean,Wych,dwychit@booking.com,Male,164.99.218.11
679,Christalle,Turpie,cturpieiu@dyndns.org,Female,77.148.28.182
680,Candie,MacParlan,cmacparlaniv@hhs.gov,Genderfluid,209.210.45.143
681,Siobhan,Audry,saudryiw@boston.com,Female,111.35.186.174
682,Had,Nanuccioi,hnanuccioiix@usnews.com,Male,57.177.206.193
683,Josi,Schiefersten,jschiefersteniy@nature.com,Female,41.203.141.106
684,Fanchon,Reeveley,freeveleyiz@friendfeed.com,Female,174.4.110.13
685,Nannette,Juggins,njugginsj0@delicious.com,Female,17.247.13.56
686,Berke,Labat,blabatj1@un.org,Male,234.194.198.255
687,Finley,Goudie,fgoudiej2@foxnews.com,Male,59.179.213.2
688,Kinna,Cranshaw,kcranshawj3@networksolutions.com,Polygender,109.42.140.0
689,Erich,McKevin,emckevinj4@woothemes.com,Male,114.17.127.139
690,Susi,Billett,sbillettj5@symantec.com,Female,118.39.211.65
691,Deloris,Leifer,dleiferj6@is.gd,Female,150.36.203.29
692,Hobie,Hardwich,hhardwichj7@miibeian.gov.cn,Genderfluid,65.119.73.125
693,Em,Yepiskov,eyepiskovj8@marriott.com,Female,118.69.51.154
694,Pacorro,Bartos,pbartosj9@technorati.com,Male,207.52.39.43
695,Meryl,Woollett,mwoollettja@simplemachines.org,Male,129.212.229.98
696,Sayers,McFadden,smcfaddenjb@bbb.org,Male,27.83.142.104
697,Carmelle,Mannix,cmannixjc@yelp.com,Female,199.226.189.35
698,Otho,Harry,oharryjd@a8.net,Male,221.209.33.38
699,Twila,Geggus,tgeggusje@t.co,Female,155.250.224.146
700,Nissie,Vanyashkin,nvanyashkinjf@cam.ac.uk,Female,234.194.110.102
701,Olvan,Elnaugh,oelnaughjg@hhs.gov,Male,22.137.214.231
702,Inesita,Thomassin,ithomassinjh@taobao.com,Female,141.123.157.212
703,Scott,Kalinke,skalinkeji@deviantart.com,Male,71.158.69.126
704,Correna,Nottram,cnottramjj@scientificamerican.com,Female,144.246.238.64
705,Daffy,Pleaden,dpleadenjk@hugedomains.com,Female,221.56.243.203
706,Arri,Lorenzini,alorenzinijl@independent.co.uk,Male,7.30.24.226
707,Ki,Lody,klodyjm@seattletimes.com,Female,51.5.163.8
708,Shannah,Szimoni,sszimonijn@youtube.com,Female,104.177.158.121
709,Amalea,Linklater,alinklaterjo@google.com.hk,Female,132.220.80.184
710,Micaela,Whatling,mwhatlingjp@studiopress.com,Female,143.53.89.45
711,Etheline,Landell,elandelljq@exblog.jp,Female,246.218.39.163
712,Philippe,Schuh,pschuhjr@plala.or.jp,Female,73.160.147.82
713,Annabell,Wann,awannjs@istockphoto.com,Female,51.149.131.143
714,Moishe,Sicha,msichajt@blogspot.com,Male,1.240.154.30
715,Elias,Entwisle,eentwisleju@parallels.com,Male,234.163.132.238
716,Nonah,Mackneis,nmackneisjv@cbsnews.com,Female,227.121.69.121
717,Hasheem,Hagland,hhaglandjw@narod.ru,Male,185.37.105.231
718,Valeda,McNern,vmcnernjx@umich.edu,Non-binary,159.138.39.103
719,Glenn,Tiffany,gtiffanyjy@mapquest.com,Female,102.22.208.209
720,Phaidra,Wynrehame,pwynrehamejz@irs.gov,Non-binary,206.171.156.206
721,Bradly,O' Kelleher,bokelleherk0@fc2.com,Male,214.138.199.244
722,Vale,Trevear,vtreveark1@digg.com,Male,60.164.10.205
723,Aimil,Broadey,abroadeyk2@cdc.gov,Female,146.112.69.118
724,Lesley,Larwell,llarwellk3@harvard.edu,Female,170.84.225.236
725,Booth,Venny,bvennyk4@gov.uk,Male,37.109.148.209
726,Eric,Deny,edenyk5@google.fr,Male,30.40.123.238
727,Elwin,Rosewall,erosewallk6@unesco.org,Male,31.98.89.207
728,Halsey,Timmermann,htimmermannk7@archive.org,Male,253.9.26.206
729,Latashia,Aleveque,lalevequek8@house.gov,Female,54.120.250.129
730,Kermie,Bentson,kbentsonk9@rediff.com,Male,80.17.193.13
731,Lyda,Coling,lcolingka@myspace.com,Female,129.121.146.36
732,Magdaia,Redman,mredmankb@jimdo.com,Female,39.131.228.47
733,Norah,Pellew,npellewkc@symantec.com,Female,168.165.160.102
734,Wittie,Dougherty,wdoughertykd@goo.gl,Agender,39.59.190.198
735,Whitby,Mechic,wmechicke@google.cn,Male,224.98.194.62
736,Heidie,McHardy,hmchardykf@blogs.com,Female,159.27.5.47
737,Innis,Dalliston,idallistonkg@slate.com,Male,213.28.57.191
738,Shurlocke,Nucci,snuccikh@japanpost.jp,Male,118.59.79.169
739,Cornelle,Andriuzzi,candriuzziki@ehow.com,Genderfluid,148.249.225.197
740,Minor,Delia,mdeliakj@huffingtonpost.com,Bigender,155.176.155.21
741,Leslie,Broadnicke,lbroadnickekk@go.com,Female,163.146.173.7
742,Morgen,Gorger,mgorgerkl@parallels.com,Male,160.101.57.209
743,Portia,Yerlett,pyerlettkm@statcounter.com,Female,10.39.233.27
744,Marja,Baudassi,mbaudassikn@phoca.cz,Female,2.96.168.170
745,Ricoriki,Aylett,raylettko@odnoklassniki.ru,Male,131.103.233.240
746,Reeta,Cassely,rcasselykp@taobao.com,Female,37.36.1.86
747,Vitoria,Denley,vdenleykq@123-reg.co.uk,Female,45.230.151.10
748,Mattheus,Sandwith,msandwithkr@gravatar.com,Male,68.71.155.23
749,Kimberley,Schwandermann,kschwandermannks@tinyurl.com,Female,155.22.194.226
750,Allen,Whitelaw,awhitelawkt@addtoany.com,Male,146.107.86.244
751,Rosette,Cordelle,rcordelleku@foxnews.com,Female,190.36.148.247
752,Gunther,Sate,gsatekv@wired.com,Male,98.225.0.170
753,Gallard,O'Shiels,goshielskw@facebook.com,Male,123.173.174.119
754,Cobby,Carreck,ccarreckkx@dmoz.org,Bigender,187.47.95.16
755,Godwin,Aidler,gaidlerky@gov.uk,Male,129.36.4.92
756,Selie,Bray,sbraykz@cbc.ca,Female,7.230.128.86
757,Jermain,Chaster,jchasterl0@google.fr,Male,54.207.183.150
758,Garik,Gomersall,ggomersalll1@aboutads.info,Male,47.246.165.233
759,Devin,Texton,dtextonl2@com.com,Female,220.197.118.34
760,Shari,Jost,sjostl3@patch.com,Female,209.213.233.98
761,Mariette,Paxforde,mpaxfordel4@nih.gov,Female,67.41.247.60
762,Celia,Le Page,clepagel5@imgur.com,Female,165.7.125.235
763,Allie,Cornehl,acornehll6@shutterfly.com,Male,40.190.240.173
764,Finlay,Helder,fhelderl7@whitehouse.gov,Male,247.123.184.184
765,Aylmer,Gifkins,agifkinsl8@reddit.com,Male,113.97.166.120
766,Jessalyn,Lartice,jlarticel9@admin.ch,Female,94.47.212.133
767,Scott,Wigglesworth,swigglesworthla@naver.com,Male,8.242.24.221
768,Angelica,Antram,aantramlb@wikipedia.org,Female,50.59.18.244
769,Regen,Upston,rupstonlc@usda.gov,Male,48.55.246.15
770,Itch,Lubeck,ilubeckld@intel.com,Male,134.187.114.176
771,Codie,Ludman,cludmanle@aol.com,Male,106.247.94.250
772,Durward,Village,dvillagelf@geocities.com,Male,27.217.162.112
773,Klement,Peye,kpeyelg@yahoo.com,Male,78.111.72.64
774,Levin,Iddins,liddinslh@ftc.gov,Male,194.220.233.200
775,Babbette,Secrett,bsecrettli@macromedia.com,Female,196.64.10.67
776,Juliet,Jakeman,jjakemanlj@ucla.edu,Bigender,98.23.111.87
777,Colan,Driutti,cdriuttilk@nps.gov,Male,235.83.12.55
778,Gerick,McArd,gmcardll@123-reg.co.uk,Male,93.119.3.201
779,Vanny,Atheis,vatheislm@blinklist.com,Female,7.163.252.156
780,Faun,McQuillin,fmcquillinln@rambler.ru,Female,241.154.49.133
781,Lou,Juan,ljuanlo@soup.io,Male,162.29.33.75
782,Lazarus,Rodge,lrodgelp@forbes.com,Male,88.51.113.103
783,Fran,D'Aguanno,fdaguannolq@dmoz.org,Male,116.208.68.197
784,Tami,Boxe,tboxelr@scribd.com,Female,31.160.96.15
785,Carny,Stewart,cstewartls@icio.us,Polygender,64.107.62.254
786,Brenna,Kirk,bkirklt@shop-pro.jp,Non-binary,93.98.239.142
787,Daren,Sands-Allan,dsandsallanlu@mail.ru,Male,63.204.225.150
788,Janessa,Doyle,jdoylelv@hugedomains.com,Female,218.115.67.158
789,Skell,Pim,spimlw@soundcloud.com,Genderqueer,217.5.234.228
790,Rafe,Bice,rbicelx@blogspot.com,Male,142.24.124.247
791,Kellina,Dunning,kdunningly@rambler.ru,Female,67.188.226.188
792,Murray,Thickins,mthickinslz@kickstarter.com,Male,209.15.138.29
793,Jeno,Heatly,jheatlym0@pen.io,Male,88.147.2.27
794,Merrill,Heatlie,mheatliem1@latimes.com,Female,192.77.106.225
795,Krystal,Beningfield,kbeningfieldm2@skyrock.com,Female,182.17.133.74
796,Violetta,Keniwell,vkeniwellm3@godaddy.com,Female,12.157.0.33
797,Malva,McLenahan,mmclenahanm4@dyndns.org,Female,106.235.151.179
798,Charmain,Taggerty,ctaggertym5@mozilla.com,Female,126.163.37.87
799,Inness,Klouz,iklouzm6@yellowbook.com,Male,227.253.154.38
800,Desmond,Wyllcock,dwyllcockm7@geocities.jp,Male,216.26.22.222
801,Desmond,Drury,ddrurym8@baidu.com,Male,33.186.18.159
802,Annnora,Whitlam,awhitlamm9@simplemachines.org,Female,113.129.109.140
803,Codi,Peet,cpeetma@weather.com,Female,80.24.89.158
804,Maxy,Grigoryov,mgrigoryovmb@state.tx.us,Male,96.68.114.217
805,Alic,Jurisic,ajurisicmc@mashable.com,Male,237.223.70.54
806,Bobbie,Swainsbury,bswainsburymd@sourceforge.net,Male,243.122.79.209
807,Charlton,Lambert,clambertme@e-recht24.de,Male,50.12.86.89
808,Giffer,Arpur,garpurmf@huffingtonpost.com,Male,212.193.11.234
809,Calypso,Caughan,ccaughanmg@yelp.com,Polygender,57.168.10.235
810,Herta,Scriven,hscrivenmh@liveinternet.ru,Female,105.62.2.137
811,Terrell,Rigbye,trigbyemi@redcross.org,Male,29.86.241.192
812,Myranda,Lown,mlownmj@nih.gov,Female,122.126.153.164
813,Dianne,Tomkys,dtomkysmk@163.com,Female,61.174.36.32
814,Jamie,Fitton,jfittonml@washingtonpost.com,Female,116.255.207.126
815,Toddy,Urey,tureymm@loc.gov,Male,212.17.57.170
816,Marshal,Chawkley,mchawkleymn@biblegateway.com,Male,118.207.29.239
817,Annabelle,McGahey,amcgaheymo@tiny.cc,Female,129.72.117.152
818,Sheffie,Robez,srobezmp@youku.com,Male,248.244.22.53
819,Lonni,Watmore,lwatmoremq@vistaprint.com,Female,193.211.123.144
820,Laney,Becconsall,lbecconsallmr@blogspot.com,Non-binary,100.189.77.138
821,Damita,Yoselevitch,dyoselevitchms@twitter.com,Female,250.180.215.98
822,Montgomery,Leaton,mleatonmt@sun.com,Male,25.158.10.179
823,Elisabeth,Renad,erenadmu@bluehost.com,Female,214.80.37.22
824,Latrena,Rutherfoord,lrutherfoordmv@thetimes.co.uk,Female,209.79.8.147
825,Berne,Anderson,bandersonmw@craigslist.org,Male,116.203.234.182
826,Lodovico,Goare,lgoaremx@theglobeandmail.com,Male,230.191.150.43
827,Flem,Frayne,ffraynemy@drupal.org,Male,141.101.239.101
828,Annissa,Kegan,akeganmz@berkeley.edu,Female,95.142.146.160
829,Althea,Roe,aroen0@cdc.gov,Female,131.143.79.128
830,Carey,Fawlkes,cfawlkesn1@godaddy.com,Male,243.235.232.100
831,Rodina,Cunnow,rcunnown2@ezinearticles.com,Female,64.217.68.73
832,Charo,Stratford,cstratfordn3@wiley.com,Female,202.128.110.7
833,Barclay,Belmont,bbelmontn4@earthlink.net,Male,130.81.6.21
834,Lucio,Ruck,lruckn5@auda.org.au,Male,178.96.253.143
835,Genia,McFadyen,gmcfadyenn6@ocn.ne.jp,Female,21.199.52.126
836,Neil,Pyser,npysern7@digg.com,Male,189.236.254.123
837,Bradley,Blesli,bbleslin8@twitter.com,Male,176.128.6.230
838,Terencio,Ubsdell,tubsdelln9@utexas.edu,Male,33.128.185.110
839,Emelda,Waulker,ewaulkerna@dailymail.co.uk,Female,21.187.70.221
840,Donn,Zecchini,dzecchininb@unblog.fr,Male,63.73.196.237
841,Lilllie,Davidman,ldavidmannc@bing.com,Female,117.207.223.110
842,Norman,Hearsum,nhearsumnd@livejournal.com,Male,202.234.80.112
843,Lionello,Pettinger,lpettingerne@jigsy.com,Male,125.84.87.114
844,Lib,McErlaine,lmcerlainenf@linkedin.com,Female,197.86.27.39
845,Nealon,Eefting,neeftingng@webs.com,Male,168.132.155.148
846,Nisse,Courtliff,ncourtliffnh@360.cn,Female,101.122.21.26
847,Sula,Colling,scollingni@elegantthemes.com,Female,110.32.85.37
848,Erwin,Fawkes,efawkesnj@amazon.de,Male,253.81.105.242
849,Katharina,Semeniuk,ksemeniuknk@ifeng.com,Genderqueer,244.16.201.43
850,Lena,Ayscough,layscoughnl@dailymotion.com,Female,209.172.192.190
851,Madelon,Barbey,mbarbeynm@ycombinator.com,Female,100.44.199.82
852,Markus,Peat,mpeatnn@fc2.com,Male,193.127.41.97
853,Christos,Lace,claceno@goo.ne.jp,Male,94.8.144.154
854,Krishnah,Pedracci,kpedraccinp@dailymail.co.uk,Male,107.113.5.228
855,Blakeley,Proom,bproomnq@e-recht24.de,Female,6.143.122.48
856,Corena,Cornelisse,ccornelissenr@umich.edu,Female,230.141.47.58
857,Chancey,Paynes,cpaynesns@t-online.de,Male,118.97.85.151
858,Gasparo,Ribbon,gribbonnt@ustream.tv,Male,81.195.156.4
859,Valina,Dewsnap,vdewsnapnu@cmu.edu,Female,25.175.71.110
860,Eb,Cardillo,ecardillonv@fastcompany.com,Male,35.254.0.61
861,Galen,Gethouse,ggethousenw@spiegel.de,Male,166.121.73.92
862,Constantin,Sandeson,csandesonnx@comcast.net,Male,19.83.245.137
863,Cleo,Giacopelo,cgiacopelony@furl.net,Female,128.169.195.210
864,Ebenezer,MacGaughie,emacgaughienz@quantcast.com,Male,179.72.148.215
865,Donia,Portingale,dportingaleo0@imageshack.us,Female,154.192.205.54
866,Gardener,Lorenzini,glorenzinio1@netscape.com,Male,239.5.36.121
867,Gleda,Mainz,gmainzo2@discovery.com,Female,202.14.138.201
868,Rodrique,Dunford,rdunfordo3@harvard.edu,Male,60.25.184.186
869,Nelly,Mansell,nmansello4@cocolog-nifty.com,Female,9.64.7.148
870,Ephrayim,Aldcorne,ealdcorneo5@example.com,Male,244.86.174.50
871,Wanda,Hyndman,whyndmano6@netscape.com,Female,138.173.228.164
872,Doralynne,Stockau,dstockauo7@tinyurl.com,Female,197.47.145.185
873,Talbot,Josefovic,tjosefovico8@tmall.com,Male,84.203.138.15
874,Allin,Cyster,acystero9@census.gov,Male,210.109.245.20
875,Grannie,Cran,gcranoa@angelfire.com,Male,221.187.90.165
876,Murray,Lashbrook,mlashbrookob@w3.org,Male,247.187.9.234
877,Sharl,Bridgestock,sbridgestockoc@archive.org,Female,145.242.73.175
878,Genevieve,Sey,gseyod@livejournal.com,Female,171.0.237.239
879,Galvan,Steger,gstegeroe@4shared.com,Male,251.198.253.173
880,Augustin,Hasloch,ahaslochof@cdbaby.com,Male,30.136.220.229
881,Bastien,Course,bcourseog@typepad.com,Agender,181.200.156.29
882,Gertrud,Milne,gmilneoh@wufoo.com,Female,80.252.159.87
883,Arnold,Cronshaw,acronshawoi@gmpg.org,Male,220.81.108.87
884,Codee,Kitchinghan,ckitchinghanoj@redcross.org,Female,123.91.218.221
885,Penny,Giffen,pgiffenok@archive.org,Male,14.97.35.49
886,Carlin,Pippard,cpippardol@mapquest.com,Male,70.246.209.68
887,Willabella,Sydney,wsydneyom@mozilla.org,Female,167.201.95.78
888,Corene,Helian,chelianon@illinois.edu,Female,218.98.213.98
889,Cathrine,Sandell,csandelloo@youtube.com,Female,46.208.87.215
890,Jennie,Castledine,jcastledineop@buzzfeed.com,Female,53.217.228.22
891,Garold,Roff,groffoq@nytimes.com,Male,1.86.19.140
892,Joye,Leeson,jleesonor@hostgator.com,Female,213.99.84.109
893,Emmy,Kennelly,ekennellyos@baidu.com,Female,5.117.217.156
894,Rosemaria,Cowdrey,rcowdreyot@a8.net,Female,140.97.187.84
895,Rutter,Cowcha,rcowchaou@marketwatch.com,Male,116.132.186.214
896,Frederigo,Baythrop,fbaythropov@list-manage.com,Male,134.96.71.178
897,Rivkah,Denniss,rdennissow@geocities.com,Female,27.130.201.24
898,Bernarr,Jacquet,bjacquetox@google.ca,Male,181.177.139.89
899,Stinky,Menilove,smeniloveoy@va.gov,Male,250.159.6.2
900,Bryna,Hardeman,bhardemanoz@gravatar.com,Female,50.158.146.240
901,Ed,Sawney,esawneyp0@vkontakte.ru,Bigender,103.65.247.85
902,Nannette,Crinson,ncrinsonp1@sphinn.com,Female,16.147.144.109
903,Bartolemo,Tremmil,btremmilp2@pagesperso-orange.fr,Male,192.216.188.218
904,Giffie,Wenderoth,gwenderothp3@columbia.edu,Male,160.206.158.29
905,Sheridan,Ilyenko,silyenkop4@weibo.com,Male,212.115.217.55
906,Colin,De Haven,cdehavenp5@skyrock.com,Male,9.164.78.210
907,Drusi,Groger,dgrogerp6@senate.gov,Agender,239.136.100.129
908,Janina,Praundl,jpraundlp7@shop-pro.jp,Female,139.175.95.201
909,Care,Achrameev,cachrameevp8@desdev.cn,Non-binary,154.9.147.166
910,Parnell,Vanner,pvannerp9@mozilla.org,Male,104.229.153.120
911,Udall,Fairpo,ufairpopa@unc.edu,Male,165.197.12.46
912,Dicky,Cotes,dcotespb@over-blog.com,Male,224.16.138.223
913,Damaris,Hurtado,dhurtadopc@arizona.edu,Female,181.219.181.202
914,Markus,Jahnig,mjahnigpd@irs.gov,Male,184.248.10.205
915,Lindy,Jorry,ljorrype@prweb.com,Male,184.59.38.30
916,Shantee,Petofi,spetofipf@pen.io,Female,37.15.171.251
917,Dasie,Kreuzer,dkreuzerpg@surveymonkey.com,Female,73.114.207.239
918,Nedda,Hellsdon,nhellsdonph@last.fm,Female,157.86.33.53
919,Odella,Huyghe,ohuyghepi@vkontakte.ru,Female,207.16.149.65
920,Gwen,Dulany,gdulanypj@amazonaws.com,Female,199.184.109.96
921,Eben,Sanson,esansonpk@nps.gov,Male,101.178.78.247
922,Eimile,Mannix,emannixpl@patch.com,Female,132.15.207.19
923,Dominique,Rubberts,drubbertspm@homestead.com,Male,145.31.111.127
924,Crawford,Anfrey,canfreypn@psu.edu,Male,3.125.104.51
925,Berget,Grzegorczyk,bgrzegorczykpo@ted.com,Female,80.94.71.165
926,Dollie,Pitchers,dpitcherspp@yelp.com,Female,66.158.119.250
927,Waldemar,Aisman,waismanpq@purevolume.com,Male,187.200.42.242
928,Rodrigo,Dyne,rdynepr@woothemes.com,Polygender,25.173.69.136
929,Alva,Shotbolt,ashotboltps@businesswire.com,Male,94.227.28.236
930,Minor,Paulsson,mpaulssonpt@independent.co.uk,Male,150.26.102.232
931,Keene,Sandever,ksandeverpu@virginia.edu,Polygender,179.66.92.152
932,Didi,Coils,dcoilspv@edublogs.org,Female,185.184.233.122
933,Ty,Ness,tnesspw@guardian.co.uk,Male,192.66.112.27
934,Heddi,Adran,hadranpx@freewebs.com,Female,59.97.226.223
935,Devon,Dennerly,ddennerlypy@blogger.com,Female,233.245.3.74
936,Tracee,Deelay,tdeelaypz@weather.com,Agender,22.97.16.161
937,Tracy,Manchett,tmanchettq0@chronoengine.com,Female,149.229.139.69
938,Daisie,Bachelor,dbachelorq1@npr.org,Female,39.171.74.60
939,Ingelbert,Marchi,imarchiq2@squidoo.com,Male,204.28.56.217
940,Nydia,Bermingham,nberminghamq3@vkontakte.ru,Female,194.54.168.196
941,Whit,Keddy,wkeddyq4@yelp.com,Non-binary,104.199.85.215
942,Feodor,Gammidge,fgammidgeq5@google.de,Male,171.213.46.69
943,Geordie,Hillett,ghillettq6@usnews.com,Male,81.24.41.60
944,Domingo,Muttitt,dmuttittq7@shareasale.com,Male,128.113.214.157
945,Helenelizabeth,Twelvetree,htwelvetreeq8@slideshare.net,Genderfluid,235.211.247.118
946,Tomas,Soame,tsoameq9@theglobeandmail.com,Male,255.134.9.122
947,Thorsten,Coulton,tcoultonqa@reference.com,Male,164.156.168.21
948,Vick,Huggons,vhuggonsqb@digg.com,Male,51.237.53.25
949,Horatio,Laffranconi,hlaffranconiqc@devhub.com,Male,239.107.97.235
950,Timmy,Pagett,tpagettqd@indiatimes.com,Female,218.240.152.187
951,Abbie,Ivison,aivisonqe@jugem.jp,Male,89.137.155.229
952,Olivia,Tye,otyeqf@instagram.com,Female,72.175.90.148
953,Evaleen,Pittet,epittetqg@marriott.com,Female,61.246.75.65
954,Delora,Wroughton,dwroughtonqh@naver.com,Female,250.140.225.90
955,Franky,Lowen,flowenqi@comsenz.com,Female,120.195.131.145
956,Byron,Francescuzzi,bfrancescuzziqj@timesonline.co.uk,Male,108.3.60.141
957,Neils,Rodson,nrodsonqk@nifty.com,Male,95.14.60.251
958,Dannye,Coull,dcoullql@pinterest.com,Female,83.147.119.223
959,Jaynell,Beebee,jbeebeeqm@blinklist.com,Female,56.185.252.224
960,Erinna,Flea,efleaqn@cdc.gov,Female,122.9.145.107
961,Goober,Langhor,glanghorqo@feedburner.com,Male,207.16.18.38
962,Rosie,Leslie,rleslieqp@yellowpages.com,Female,182.118.1.179
963,Cornell,Beazey,cbeazeyqq@sakura.ne.jp,Male,136.180.28.104
964,Phylis,Cummings,pcummingsqr@etsy.com,Female,218.103.119.248
965,Bing,Purdey,bpurdeyqs@tamu.edu,Genderqueer,43.168.102.19
966,Darcy,Isakovitch,disakovitchqt@cbslocal.com,Male,145.12.232.19
967,Biron,Attfield,battfieldqu@nbcnews.com,Male,255.128.83.213
968,Eveline,Presnell,epresnellqv@gravatar.com,Female,246.112.184.43
969,Gasparo,Aitcheson,gaitchesonqw@mlb.com,Male,65.70.56.15
970,Cash,Lernihan,clernihanqx@indiegogo.com,Male,210.220.197.88
971,Herculie,Rugg,hruggqy@wikispaces.com,Male,147.152.81.21
972,Terri,Dabinett,tdabinettqz@photobucket.com,Female,180.117.49.164
973,Lilah,Dowzell,ldowzellr0@jugem.jp,Female,247.115.12.126
974,Robyn,Belcham,rbelchamr1@ustream.tv,Female,175.229.99.177
975,Burg,Lapthorne,blapthorner2@admin.ch,Male,45.14.75.18
976,Dalenna,Moffet,dmoffetr3@a8.net,Female,17.230.127.153
977,Timothee,Garmons,tgarmonsr4@aol.com,Male,228.154.202.204
978,Rhett,Delhanty,rdelhantyr5@jalbum.net,Male,107.177.120.35
979,Herta,Percival,hpercivalr6@army.mil,Female,243.178.212.120
980,Rancell,Oran,roranr7@marriott.com,Male,179.241.126.204
981,Alfy,Fenney,afenneyr8@wiley.com,Male,78.210.237.76
982,Jarred,Van Salzberger,jvansalzbergerr9@kickstarter.com,Male,46.122.191.163
983,Edsel,Ensten,eenstenra@nasa.gov,Male,58.117.234.149
984,Sacha,Schettini,sschettinirb@google.com.br,Polygender,227.72.3.99
985,Cly,Leithgoe,cleithgoerc@go.com,Male,96.130.137.211
986,Gustaf,Phillipps,gphillippsrd@bandcamp.com,Male,131.158.245.237
987,Bobbi,Turrell,bturrellre@army.mil,Female,18.181.5.122
988,Felecia,Harrell,fharrellrf@hatena.ne.jp,Female,146.209.87.28
989,Drusilla,Helm,dhelmrg@bloglines.com,Female,251.206.229.160
990,Darla,Baudts,dbaudtsrh@prnewswire.com,Bigender,14.6.2.92
991,Lorrayne,Eastmead,leastmeadri@cam.ac.uk,Agender,94.192.194.52
992,Moyra,Balassi,mbalassirj@deviantart.com,Female,6.150.216.228
993,Tiebout,Loude,tlouderk@salon.com,Male,13.53.152.192
994,Patrick,Sanson,psansonrl@java.com,Male,203.86.165.124
995,Charmion,Bachelar,cbachelarrm@issuu.com,Female,146.36.58.162
996,Roldan,Bordis,rbordisrn@virginia.edu,Male,9.56.138.137
997,Rabbi,Trimble,rtrimblero@gmpg.org,Male,154.79.176.185
998,Rowney,Wattinham,rwattinhamrp@multiply.com,Male,138.83.151.155
999,Dayle,Jalland,djallandrq@sfgate.com,Female,60.33.141.155
1000,Crystal,Spowart,cspowartrr@businesswire.com,Female,139.117.3.131
